text,problem_type,my_interpretation,gemini_sentiment,gemini_explanation,possible_error_reason
"Great, my laptop crashed again right before the deadline. Amazing day.",sarcasm,negative,negative,The positive words 'Great' and 'Amazing' are used sarcastically to express frustration about a laptop crash.,"AI may interpret 'Great' and 'Amazing day' literally as positive indicators, missing the sarcastic tone."
"Thanks for ignoring my message for three days, very professional.",sarcasm,negative,negative,"The 'thanks' and 'very professional' are clearly sarcastic, indicating annoyance at being ignored.",AI might identify 'thanks' and 'professional' as positive words and miss the sarcastic intent.
"Wow, waiting one hour for coffee is exactly what I needed.",sarcasm,negative,negative,The 'Wow' and 'exactly what I needed' are used sarcastically to express impatience and dissatisfaction.,"AI might perceive 'Wow' and 'exactly what I needed' as positive affirmations, overlooking the sarcastic context of a long wait."
"Perfect, the delivery came late and the box was broken.",sarcasm,negative,negative,'Perfect' is used sarcastically to express extreme dissatisfaction with a late and damaged delivery.,"AI may take 'Perfect' at face value, failing to recognize its sarcastic use in conjunction with negative events."
I just love when apps delete my work without saving.,sarcasm,negative,negative,"The statement 'I just love' is sarcastic, conveying strong annoyance about an app malfunction.",AI might detect 'love' as a strong positive keyword and misinterpret the sarcastic expression.
"Nice job, the update made everything slower.",sarcasm,negative,negative,'Nice job' is sarcastically applied to a negative outcome where an update worsened performance.,"AI could focus on 'Nice job' as a positive phrase, missing the ironic criticism of the update's effect."
Amazing service: nobody answered my call for 20 minutes.,sarcasm,negative,negative,'Amazing service' is used sarcastically to highlight extremely poor customer service.,AI might incorrectly classify 'Amazing service' as positive without understanding the contradictory negative context.
"Fantastic, my order was wrong again.",sarcasm,negative,negative,'Fantastic' is used sarcastically to express frustration over a repeated mistake with an order.,"AI might interpret 'Fantastic' as a genuine positive emotion, overlooking the negative event it describes."
"What a wonderful surprise, another hidden fee.",sarcasm,negative,negative,'Wonderful surprise' is sarcastically used to convey displeasure about an unexpected additional charge.,"AI could misinterpret 'wonderful surprise' as genuinely positive, failing to detect the sarcasm regarding the hidden fee."
Best experience ever: I paid more and got less.,sarcasm,negative,negative,'Best experience ever' is sarcastically stated to express dissatisfaction with receiving less value for more money.,"AI might prioritize 'Best experience ever' as a strong positive indicator, missing the sarcastic intent from the outcome."
"The food was cold, but at least the waiter was polite.",mixed context,mixed,mixed,The sentiment is mixed due to negative feedback about cold food and positive feedback about the polite waiter.,AI might lean towards either positive or negative if it gives more weight to one aspect over the other.
"The hotel room was small, but the view was beautiful.",mixed context,mixed,mixed,The text presents a negative aspect (small room) alongside a positive one (beautiful view).,AI could potentially categorize it as predominantly negative because 'small' might be a stronger descriptor than 'beautiful' depending on its training.
"The product works, but I expected much more for this price.",mixed context,mixed,mixed,It acknowledges the product's functionality but expresses disappointment regarding its value for the price.,"AI might focus on 'product works' as positive or 'expected much more' as negative, missing the balance."
"The delivery was fast, but the package was damaged.",mixed context,mixed,mixed,The text includes a positive comment about fast delivery and a negative one about a damaged package.,AI might struggle to weigh the 'fast delivery' against 'damaged package' and classify it as purely positive or negative.
"The movie looked great, but the story was boring.",mixed context,mixed,mixed,There's a positive remark about the visuals and a negative one about the plot.,AI might incorrectly classify it as purely positive or negative by prioritizing one phrase over the other.
"The phone camera is good, but the battery is terrible.",mixed context,mixed,mixed,It contains a positive attribute (good camera) and a strongly negative one (terrible battery).,AI could easily swing to either positive (camera is good) or negative (battery is terrible) due to strong contrasting terms.
"The restaurant is clean, but the portions are too small.",mixed context,mixed,mixed,The text provides positive feedback on cleanliness but negative feedback on portion size.,"AI might misinterpret the overall sentiment as negative if it weights 'too small' heavily, or neutral if it balances them without recognizing the direct positive."
"The app has many functions, but it is hard to understand.",mixed context,mixed,mixed,There's a positive aspect (many functions) counterbalanced by a negative one (difficulty in understanding).,"AI might interpret 'many functions' as overwhelmingly positive, or 'hard to understand' as overwhelmingly negative."
"The teacher explained well, but the task was still confusing.",mixed context,mixed,mixed,"The explanation was positive, but the task itself remained a negative experience.",AI might lean towards positive due to 'explained well' or negative due to 'confusing' without fully capturing the mixed sentiment.
"The coffee tasted nice, but it was almost cold.",mixed context,mixed,mixed,It praises the taste of the coffee but notes the negative temperature.,"AI might classify this as positive because 'tasted nice' is a direct positive, potentially underplaying 'almost cold.'"
"This movie was sick, I really loved it.",slang,positive,positive,"'Sick' is used here as slang to mean excellent, reinforced by 'I really loved it.'","AI might mistakenly interpret 'sick' in its literal, negative health context, ignoring the reinforcing positive phrase."
That game was crazy good.,slang,positive,positive,'Crazy good' is an intensifier meaning exceptionally good.,AI could potentially misinterpret 'crazy' as a negative descriptor if not trained on its slang usage.
The concert was fire.,slang,positive,positive,'Fire' is used as modern slang to denote something excellent or impressive.,"AI might struggle with 'fire' as a positive slang term, potentially interpreting it literally or neutrally."
"This burger is bad, in a good way.",slang / ambiguity,positive,positive,The phrase explicitly clarifies that 'bad' is used as slang for good.,AI might get confused by the direct contradiction and either overemphasize 'bad' or struggle to resolve the paradoxical phrasing.
The new design slaps.,slang,positive,positive,'Slaps' is current slang used to mean something is excellent or highly enjoyable.,"AI might not recognize 'slaps' as a positive slang term, potentially misinterpreting it as neutral or even negative if taken literally."
That was a killer performance.,slang / ambiguity,positive,positive,'Killer' is used here as slang to mean outstanding or exceptionally good.,"AI could mistakenly interpret 'killer' in its literal, negative context of harm or danger."
"The song is insane, I have played it ten times.",slang,positive,positive,"'Insane' is used as an intensifier for something incredibly good or impressive, indicated by the repeated listening.","AI might interpret 'insane' in its literal, negative sense of madness or irrationality, despite the positive context."
This laptop is a beast.,slang / ambiguity,positive,positive,'Beast' is used metaphorically to describe something powerful or impressive.,"AI might struggle to understand 'beast' as a compliment, potentially assigning it a neutral or even negative connotation."
The joke was dead funny.,slang / ambiguity,positive,positive,'Dead funny' is an intensifier meaning extremely funny.,"AI might literally interpret 'dead' as negative, overlooking its use as an intensifier for 'funny.'"
The outfit is clean.,slang / ambiguity,positive,positive,'Clean' is used as slang to describe an outfit that is stylish and impressive.,"AI might interpret 'clean' literally as simply not dirty, missing its slang meaning of being stylish or perfect."
"I am not saying the service was bad, but I would not come back.",indirect meaning,negative,negative,"The direct statement about not returning strongly implies a negative experience with the service, despite the initial denial.","AI might overemphasize the explicit 'not saying the service was bad,' leading to a neutral or even mixed classification, missing the strong implied negativity."
It could have been worse.,indirect meaning,neutral,neutral,"This phrase suggests that while it wasn't good, it wasn't the worst possible outcome either, placing it in a neutral zone.","AI might detect 'worse' and lean towards a negative sentiment, or misinterpret it as mildly positive (implying relief it wasn't worse)."
I expected nothing and still felt disappointed.,irony,negative,negative,"The ultimate feeling of disappointment clearly indicates a negative sentiment, regardless of initial expectations.","AI might struggle with the double negative implication of 'expected nothing' and the contrast with 'disappointed,' potentially classifying it as neutral or mixed."
"The restaurant is popular, but I do not understand why.",indirect criticism,negative,negative,"Despite its popularity, the speaker's confusion implies dissatisfaction or a negative view of the restaurant's quality.",AI might identify 'popular' as a positive term and struggle to interpret the implied criticism.
The product is not completely useless.,double negative,neutral,neutral,"This double negative implies it has some use, but is far from being good, settling on a very weak, reluctant positive or neutral.","AI might struggle with the double negative construction, potentially misinterpreting it as negative ('useless') or even strongly positive ('not useless' = useful)."
"I do not hate it, but I also do not like it.",ambiguous,neutral,neutral,"The statement explicitly expresses a lack of strong positive or negative feelings, resulting in a neutral sentiment.","AI might struggle to combine the two negative statements ('do not hate,' 'do not like') and could potentially classify it as mixed or slightly negative/positive."
The update fixed one problem and created three new ones.,contrast,negative,negative,"Despite fixing one issue, the creation of multiple new problems results in an overall negative outcome.","AI might identify 'fixed one problem' as a positive, potentially leading to a mixed classification, without weighing the greater negative impact."
I guess it is okay if you have no other choice.,indirect criticism,negative,negative,The conditional 'if you have no other choice' implies that it is barely acceptable and not truly good.,"AI might focus on 'it is okay' as a neutral or slightly positive phrase, missing the strongly implied negative context."
"The service was acceptable, nothing more.",weak sentiment,neutral,neutral,"'Acceptable' suggests adequacy without enthusiasm, and 'nothing more' confirms a lack of positive sentiment.","AI might classify 'acceptable' as a mild positive, failing to account for the dampening effect of 'nothing more.'"
I smiled because otherwise I would cry.,irony,negative,negative,"The reason for smiling is to avoid crying, clearly indicating an underlying negative emotional state.","AI might detect 'smiled' and mistakenly classify the sentiment as positive, missing the strong negative implication."
"For the price, I expected better quality.",context,negative,negative,The expectation of better quality for the given price implies dissatisfaction with the current quality.,AI might not fully grasp the implicit negative comparison and could classify it as neutral without enough explicit negative terms.
"It is cheap, so I cannot complain too much.",context,neutral,neutral,"The text balances the negative implication of 'cheap' (often associated with low quality) with the positive lack of complaint, resulting in neutrality.","AI might interpret 'cheap' as a negative attribute or 'cannot complain too much' as a reluctant positive, potentially leading to mixed or slightly negative/positive."
The food reminds me of school cafeteria lunches.,cultural/context,negative,negative,This statement relies on a common cultural negative association with school cafeteria food.,AI might not possess the cultural context to understand 'school cafeteria lunches' as a negative descriptor for food quality.
"My grandma would probably like this design, but I do not.",context,negative,negative,"Despite a hypothetical positive from grandma, the speaker explicitly states their own dislike for the design.","AI might misinterpret the 'grandma would like' as a partial positive, leading to a mixed sentiment, rather than focusing on the speaker's direct negative."
"The interface is simple, maybe too simple.",ambiguous,neutral,neutral,"While 'simple' can be positive, the addition of 'maybe too simple' suggests it crosses into a negative or undesirable territory, creating a neutral overall impression.","AI might classify 'simple' as purely positive, missing the nuanced negative implication of 'too simple.'"
"The battery lasts forever, but the phone feels heavy.",mixed context,mixed,mixed,It highlights a significant positive feature (battery life) alongside a noticeable negative one (weight).,"AI might focus on the strong positive 'lasts forever' or the negative 'feels heavy,' potentially misclassifying the overall mixed sentiment."
"I waited only ten minutes, which is actually good for this place.",context,positive,positive,"The context clarifies that a ten-minute wait, while potentially long elsewhere, is considered good for this specific place.","AI might consider 'waited ten minutes' as a neutral or slightly negative fact, without understanding the comparative positive context."
"The room was quiet, which was the only good thing.",contrast,negative,negative,The explicit statement 'only good thing' implies that all other aspects of the experience were negative.,AI might identify 'quiet' and 'good thing' as positive indicators and miss the strong negative implication that everything else was bad.
"I bought it because everyone recommended it, but now I regret it.",contrast,negative,negative,"Despite the initial positive influence of recommendations, the ultimate feeling of regret indicates a negative sentiment.",AI might be confused by the initial positive 'recommended' and struggle to reconcile it with the strong negative 'regret.'
The support team answered quickly and solved the issue.,simple positive,positive,positive,The prompt response and effective resolution of a problem are clearly positive indicators of good service.,"This is a straightforward positive case, so an error is less likely, but AI could potentially misinterpret 'solved the issue' as merely a neutral outcome."
